{"cameraMode":{"drawMode":0,"name":"Shaded","section":"Shading Mode"},"sceneLighting":true,"audioPlay":false,"sceneViewState":{"m_AlwaysRefresh":false,"showFog":true,"showSkybox":true,"showFlares":true,"showImageEffects":true,"showParticleSystems":true,"showVisualEffectGraphs":true,"m_FxEnabled":true},"in2DMode":false,"pivot":{"x":-0.43060344457626345,"y":-0.3919590711593628,"z":-0.37177425622940066},"rotation":{"x":-0.21633759140968324,"y":-0.10317295789718628,"z":0.02299625799059868,"w":-0.9705826044082642},"size":7.7511796951293949,"orthographic":false}