{"cameraMode":{"drawMode":0,"name":"Shaded","section":"Shading Mode"},"sceneLighting":false,"audioPlay":false,"sceneViewState":{"m_AlwaysRefresh":false,"showFog":true,"showSkybox":false,"showFlares":true,"showImageEffects":true,"showParticleSystems":true,"showVisualEffectGraphs":true,"m_FxEnabled":true},"in2DMode":false,"pivot":{"x":0.45810985565185549,"y":0.13306240737438203,"z":-0.395294189453125},"rotation":{"x":0.020401107147336007,"y":0.2367781102657318,"z":-0.004973060451447964,"w":0.9713382720947266},"size":0.45132312178611758,"orthographic":false}